bids_name	aor	aqi	dummy_trs	dvars_nstd	dvars_std	dvars_vstd	efc	fber	fd_mean	fd_num	fd_perc	fwhm_avg	fwhm_x	fwhm_y	fwhm_z	gcor	gsr_x	gsr_y	size_t	size_x	size_y	size_z	snr	spacing_tr	spacing_x	spacing_y	spacing_z	summary_bg_k	summary_bg_mad	summary_bg_mean	summary_bg_median	summary_bg_n	summary_bg_p05	summary_bg_p95	summary_bg_stdv	summary_fg_k	summary_fg_mad	summary_fg_mean	summary_fg_median	summary_fg_n	summary_fg_p05	summary_fg_p95	summary_fg_stdv	tsnr
sub-02_task-rse1_run-1_bold	0.0007347169811320755	0.0076892059905660365	0	30.441705839241713	1.0661759483886255	1.0065251215165876	0.5320989846915334	799.8281860351562	0.08720264982979367	15	7.0754716981132075	1.9475332525252522	1.7682850909090908	2.032928	2.0413866666666665	0.023826	-0.013404503464698792	0.030057493597269058	212	64	64	40	5.969646311978586	2.0	3.4375	3.4375	3.0	43.48546796292201	7.825621126902537	49.55696105957031	27.83490562438965	102210.0	21.221698760986328	155.8547180175779	67.00057220458984	1.3573439108675691	117.95076139661984	799.6909790039062	797.6981201171875	28367.0	580.0518737792969	1016.8146301269531	133.6233367919922	48.587198364548385
sub-02_task-rse1_run-2_bold	0.0011719736842105265	0.008306661842105264	0	30.600593944933905	1.0569449760792953	1.0071902148017615	0.5321664506046268	796.2588500976562	0.10643475158740182	24	10.526315789473685	1.9528216565656564	1.7732189090909092	2.034152727272727	2.051093333333333	0.0461291	-0.013733240775763988	0.03019801899790764	228	64	64	40	6.028246860778238	2.0	3.4375	3.4375	3.0	45.92710372089549	7.634102881490644	49.28007507324219	27.842105865478516	102258.0	21.48684310913086	156.23684692382812	65.51756286621094	1.379465540447792	116.94350765551962	798.2802124023438	796.3421020507812	28323.0	580.8517578125	1013.4026245117187	132.0994415283203	46.90240742958849
sub-03_task-rse1_run-1_bold	0.0010022580645161292	0.007050581075268817	3	28.36965706291893	1.0563991456756754	1.019264427297297	0.5106731067619793	954.9241333007812	0.14242450059289335	30	16.129032258064516	1.991519090909091	1.8243461818181819	2.049821090909091	2.10039	0.0129932	-0.011300529353320599	0.02550186775624752	186	64	64	40	5.635811805035645	2.0	3.4375	3.4375	3.0	85.22578678802371	6.2731599659722335	39.91031265258789	24.779569625854492	103464.0	19.07526969909668	109.90134201049763	52.68363571166992	1.215127201125397	122.01181012477501	776.9561157226562	773.3118286132812	27679.0	550.3510681152344	999.3290161132812	137.21144104003906	50.75793177483138
sub-03_task-rse1_run-2_bold	0.0012582894736842109	0.007262383421052632	0	29.195540163392057	1.0597725408370042	1.010056153788546	0.5115704084296449	947.2559814453125	0.1372449160402092	32	14.035087719298245	2.005834767676768	1.8407912727272728	2.0655563636363636	2.1111566666666666	0.0298115	-0.011937075294554234	0.025753483176231384	228	64	64	40	5.6059542449919695	2.0	3.4375	3.4375	3.0	86.42048517770051	6.066962406678919	40.39271545410156	24.978071212768555	103458.0	19.592105865478516	111.85613899230937	53.27558135986328	1.272540853412007	122.74709359196662	779.1222534179688	775.6973876953125	27674.0	550.9133911132812	1003.5844299316406	138.36776733398438	49.627970898291096
sub-04_task-rse1_run-1_bold	0.0004539035087719298	0.008148807850877193	0	28.078386525066083	1.0387066312334796	0.9995604289427313	0.5420314440146305	829.461669921875	0.04530651603746829	0	0.0	1.789071595959596	1.620576	1.8689454545454545	1.8776933333333332	0.00651697	-0.010561520233750343	0.03555423021316528	228	64	64	40	6.452941801573998	2.0	3.4375	3.4375	3.0	30.218109908967016	8.173821465211349	50.556575775146484	26.88596534729004	100185.0	20.013158798217773	176.64035034179688	70.5050277709961	1.347996156791396	112.52167187626692	785.4750366210938	780.0921020507812	30219.0	598.885546875	982.9482666015625	120.88737487792969	50.72853244096041
sub-04_task-rse1_run-2_bold	0.0003319298245614035	0.00738863951754386	0	27.930900817488975	1.0414591423788548	1.0015947763436122	0.5423474738428292	825.47802734375	0.06314935549599587	0	0.0	1.7868414747474748	1.6257774545454546	1.8611636363636364	1.8735833333333334	0.0277393	-0.010710181668400764	0.03496284410357475	228	64	64	40	6.43449745043619	2.0	3.4375	3.4375	3.0	29.393669969570915	7.907212774642982	50.671043395996094	26.877193450927734	100187.0	20.21491241455078	178.82325134277343	70.34998321533203	1.3522146192732514	112.45018409839709	783.69189453125	777.9364013671875	30232.0	596.3320495605469	981.6171234130859	120.89888000488281	52.05622931040125
sub-05_task-rse1_run-1_bold	0.002716784140969163	0.009400362202643174	0	28.992778356061955	1.0393771694247784	1.0220569912831856	0.5175327273374876	897.5672607421875	0.12676804798105598	23	10.13215859030837	2.0098274084509273	1.8989934545454548	2.0574952727272726	2.072993498080055	0.0115324	-0.01725807972252369	0.026403283700346947	227	64	64	40	5.8064662581101505	2.0	3.4375	3.4375	2.999999761581421	43.58075254683253	8.699672324933886	50.08601760864258	28.06167221069336	103849.0	20.651981353759766	152.91188964843693	68.59651947021484	1.2544556671551206	128.59447710371614	852.86376953125	844.907470703125	27241.0	626.4228515625	1107.224609375	145.50880432128906	46.293442958267406
sub-05_task-rse1_run-2_bold	0.002568893805309735	0.012271982477876106	0	28.813197487733337	1.0289726747111112	1.0158874581777773	0.517438335341432	912.057373046875	0.13766590196808	28	12.389380530973451	2.030832278137653	1.917925818181818	2.063834181818182	2.110736834412959	0.020833	-0.01606147363781929	0.027466971427202225	226	64	64	40	5.813968913658515	2.0	3.4375	3.4375	2.999999761581421	42.33759319682095	8.26583370082562	49.98094177246094	27.774335861206055	103569.0	20.831857681274414	152.919464111328	68.9571533203125	1.1592475289248112	128.61900012625125	853.5619506835938	844.7079467773438	27221.0	630.7079467773438	1109.1416015625	145.28671264648438	41.67186880961526
sub-06_task-rse1_run-1_bold	0.00029214912280701755	0.010863243421052632	0	30.82533468352424	1.0045446924229073	0.9816450770925115	0.5538969549653042	748.201171875	0.10852928240778584	8	3.508771929824561	1.9618452121212122	1.776541090909091	2.052494545454546	2.0565	0.012216	-0.01027625147253275	0.03288093954324722	228	64	64	40	6.097296029343182	2.0	3.4375	3.4375	3.0	44.46996241422365	9.923029546446005	53.9189567565918	30.828947067260742	96993.0	22.473684310913086	166.0368469238281	70.28331756591797	1.555983443402127	122.36345759920816	856.8297729492188	855.9912109375	32828.0	626.4861938476563	1085.1530456542969	140.3865203857422	44.98380611697212
sub-06_task-rse1_run-2_bold	0.0008589912280701755	0.009542849385964914	0	30.515861746343617	1.031984491762115	1.005059820792952	0.5540896573053089	759.6884155273438	0.10523186766463445	11	4.824561403508772	1.9475697979797981	1.7811170909090908	2.0511156363636363	2.010476666666667	0.0213515	-0.009575489908456802	0.032307446002960205	228	64	64	40	6.064110186885203	2.0	3.4375	3.4375	3.0	43.02661806801459	9.805982449380716	54.367576599121094	30.60087776184082	97060.0	22.311403274536133	168.61864242553713	71.31836700439453	1.5900055571692944	122.86740118776149	853.4029541015625	853.3421020507812	32819.0	621.5596557617188	1079.6504760742187	140.7179412841797	46.151986749027856
sub-07_task-rse1_run-1_bold	0.00031692982456140345	0.0060850114473684205	0	27.259659166343607	1.029803245198238	1.00002004030837	0.5121389707560717	913.0067749023438	0.11409300201149108	2	0.8771929824561403	1.880293203103373	1.715872	1.9776174545454546	1.9473901547646646	0.00912456	-0.01320755947381258	0.023712577298283577	228	64	64	40	5.799468265472129	2.0	3.4375	3.4375	2.999999761581421	72.13730736359994	7.725136684702109	45.86100769042969	28.043859481811523	104603.0	21.320175170898438	142.18332824707025	56.46967697143555	1.4933299538614957	134.30227846690337	860.6689453125	857.4364013671875	26870.0	625.978726196289	1100.5600708007812	147.84466552734375	52.95284621999599
sub-07_task-rse1_run-2_bold	0.00033491228070175436	0.006149694692982456	0	26.531238068986777	1.0219144138325988	0.9990132388546252	0.5125193519131406	916.6767578125	0.10289770902243921	0	0.0	1.8763322130034934	1.7123141818181817	1.9768756363636364	1.939806820828662	0.0186791	-0.013362453319132328	0.023640727624297142	228	64	64	40	5.783033379269756	2.0	3.4375	3.4375	2.999999761581421	72.43173716083618	7.647105286658585	46.101322174072266	27.89912223815918	104628.0	21.35087776184082	144.49122619628906	57.234825134277344	1.5163744223303564	133.9869178265535	858.3062133789062	855.4078979492188	26837.0	623.6017333984375	1097.2263671874998	147.9140625	52.654733473900706
sub-08_task-rse1_run-1_bold	0.0005349122807017544	0.00820309359649123	0	27.487696072246695	1.0050799978414098	0.9782474566960353	0.5603528852372989	786.1312866210938	0.09891452145775295	11	4.824561403508772	1.9656740606060605	1.8034938181818183	2.0460683636363637	2.04746	0.00794813	-0.015816666185855865	0.03718460723757744	228	64	64	40	5.2955981419479325	2.0	3.4375	3.4375	3.0	30.442143181674794	10.293680101072404	55.52320098876953	30.140350341796875	94756.0	21.390350341796875	176.8662338256836	77.26898193359375	0.9358355005811516	149.22584979695137	870.7799682617188	859.1798095703125	34412.0	621.2109924316406	1146.5230712890625	162.24179077148438	46.3569774501957
sub-08_task-rse1_run-2_bold	0.0011869736842105266	0.010212041315789474	0	28.23902178074889	1.001546573215859	0.9816413433480178	0.5584757454200523	778.9472045898438	0.1566403058821329	49	21.49122807017544	1.9665824444444446	1.7879505454545457	2.0561134545454545	2.055683333333333	0.0114641	-0.010951366275548935	0.037540774792432785	228	64	64	40	5.2961653174095815	2.0	3.4375	3.4375	3.0	34.34055473666696	11.659235222512718	52.97468566894531	30.140350341796875	94489.0	18.412281036376953	167.48245239257812	70.41473388671875	1.111883882068355	147.17754397926439	864.685302734375	853.0263671875	34348.0	624.6265563964844	1140.7798034667967	161.06256103515625	43.26764041138813
sub-09_task-rse1_run-1_bold	0.001029780701754386	0.011797417982456138	0	29.343759982334802	1.0004985537444937	0.9723157675770921	0.5553747247087661	667.5855102539062	0.054378460676912765	0	0.0	2.0043048199145024	1.822562909090909	2.1095882173192653	2.080763333333333	0.00542088	-0.010583135299384594	0.045032963156700134	228	64	64	40	5.436596107638186	2.0	3.4375	3.437500238418579	3.0	46.07059838830125	13.401942101163405	58.6020622253418	32.76315689086914	97891.0	21.84649085998535	180.61842346191406	77.06393432617188	0.9315286462653818	142.7492381036602	862.86328125	850.1535034179688	32276.0	622.8234710693359	1129.8366394042969	156.37364196777344	40.6302696489729
sub-09_task-rse1_run-2_bold	0.0005181578947368421	0.0066019525	0	29.844204629295163	1.0493095117621145	1.002918552202643	0.5535632423363543	682.1524658203125	0.05421882466679699	3	1.3157894736842106	1.9538819523754984	1.771197090909091	2.059938766217404	2.03051	0.0170141	-0.007240525912493467	0.03966817259788513	228	64	64	40	5.4293564239112415	2.0	3.4375	3.437500238418579	3.0	51.63315771383977	12.621628120728156	56.44761657714844	31.90350914001465	97797.0	21.460527420043945	176.61753845214838	74.9955825805664	1.0467247710930048	140.01487584556793	855.6592407226562	843.635986328125	32165.0	617.5999877929687	1119.8087890625	155.38174438476562	48.631148229877
sub-10_task-rse1_run-1_bold	0.0006963596491228071	0.006761191184210527	0	28.157853576123376	1.0181238770925112	0.9959167703083702	0.5589833724132087	734.9566040039062	0.1360067077058523	22	9.649122807017545	2.089261558444015	1.8682501818181818	2.220768	2.1787664935138626	0.0121598	-0.014970008283853531	0.04433786869049072	228	64	64	40	4.926439887066228	2.0	3.4375	3.4375	3.000000238418579	37.42350728173476	11.789290380424575	54.64814376831055	32.20614242553711	94477.0	22.5473690032959	161.623681640625	66.4006576538086	0.7038843481936019	172.62560931091062	908.3549194335938	895.2192993164062	34373.0	629.5535278320312	1218.5789794921875	181.7146453857422	46.11157700687181
sub-10_task-rse1_run-2_bold	0.0026488596491228075	0.0103689825	0	29.36757558237887	1.0064942668722474	0.9978702281497797	0.5589000824028522	725.1478881835938	0.1982502631763618	62	27.19298245614035	2.0756544284595813	1.8846632727272727	2.213690181818182	2.1286098308332897	0.0155524	-0.014560887590050697	0.04398730397224426	228	64	64	40	4.915971025024182	2.0	3.4375	3.4375	3.000000238418579	37.66699572941775	13.031291546537004	54.89067459106445	32.425437927246094	94508.0	21.045394897460938	165.32412109374985	67.4034194946289	0.8496617938284796	170.53174134618888	903.831787109375	890.0	34195.0	627.5855285644532	1213.49697265625	181.0399169921875	38.50779364001937
sub-11_task-rse1_run-1_bold	0.0009173684210526316	0.006511599780701755	0	26.835744555110153	1.035830891013216	0.9992704000881059	0.536254844749905	876.287109375	0.06536157154195166	3	1.3157894736842106	2.0353194545454545	1.8846836363636363	2.1036247272727273	2.11765	0.00755032	-0.005443241447210312	0.032018713653087616	228	64	64	40	5.2210758668645925	2.0	3.4375	3.4375	3.0	42.12183928521621	10.560291619480086	54.84896469116211	29.88157844543457	99249.0	20.86842155456543	179.05087585449215	76.37964630126953	1.1180544172818996	153.96304621655395	908.7354736328125	890.3442993164062	30928.0	661.5489166259765	1208.028088378906	170.52613830566406	51.080149970948696
sub-11_task-rse1_run-2_bold	0.0007736111111111111	0.005083903703703703	0	26.372204397383186	1.0285866689719627	0.9995618173831774	0.5354890589128267	896.36962890625	0.058990652452092895	1	0.9259259259259259	2.0051622222222223	1.856154181818182	2.0646458181818184	2.0946866666666666	0.0102723	-0.0069932094775140285	0.031513214111328125	108	64	64	40	5.2363529204225765	2.0	3.4375	3.4375	3.0	39.45071460034353	9.664369912190615	55.210418701171875	29.41666603088379	99645.0	21.342592239379883	183.56296997070248	78.87244415283203	1.2088916163508792	151.93926342140205	903.6633911132812	885.9120483398438	30774.0	658.5583465576171	1198.83662109375	169.18218994140625	55.53244943183381
sub-12_task-rse1_run-1_bold	0.0014433333333333334	0.01916154385964912	0	32.74933146171806	0.9942856084140964	0.9611453772687221	0.5502846903243442	607.1583251953125	0.11964999069214108	13	5.701754385964913	2.0283204444444447	1.8367476363636364	2.1118603636363638	2.1363533333333335	0.00763249	-0.0038125973660498857	0.026776669546961784	228	64	64	40	6.160459004584163	2.0	3.4375	3.4375	3.0	29.88981698814998	13.128835035850381	57.83172607421875	33.096492767333984	100410.0	22.048246383666992	174.93443450927677	70.85025787353516	1.1951319700600456	117.18412284710936	817.0970458984375	818.2192993164062	29476.0	596.135986328125	1030.3760986328125	132.81565856933594	34.48215405922383
sub-12_task-rse1_run-2_bold	0.0012707329842931937	0.018493949214659685	0	32.517090014526325	1.000050921105264	0.9664649811578944	0.5508001540132882	601.3927612304688	0.1231759220883009	15	7.853403141361256	2.003968080808081	1.8290938181818182	2.107997090909091	2.0748133333333336	0.00476749	-0.005229626316577196	0.028746843338012695	191	64	64	40	6.291981549853895	2.0	3.4375	3.4375	3.0	29.217937369960545	13.436566165729792	58.73784637451172	33.36125564575195	100674.0	22.041885375976562	181.9411048889158	72.2157211303711	1.1632616581688433	115.11513986835497	820.2803955078125	821.9110107421875	29337.0	601.5853515625	1029.296337890625	130.6260986328125	35.406764309853315
sub-13_task-rse1_run-1_bold	0.0005461842105263158	0.008023773947368421	0	29.56064372127755	1.0598523461674005	1.0022731270484582	0.5467004569413935	835.1430053710938	0.0771186638455671	4	1.7543859649122806	1.890065515151515	1.7176814545454546	1.958685090909091	1.99383	0.00631268	-0.009435314685106277	0.03398260101675987	228	64	64	40	6.109985042870005	2.0	3.4375	3.4375	3.0	34.668831360025834	9.331287202856968	51.00684356689453	28.96929931640625	97829.0	21.052631378173828	152.9587707519529	69.26850128173828	1.3839103676918647	127.35420940310348	855.8466796875	851.9144897460938	32016.0	641.176513671875	1084.9539794921875	139.42770385742188	50.57396085374057
sub-13_task-rse1_run-2_bold	0.000495482456140351	0.007907047236842105	0	28.99732270444937	1.0577264987224668	1.0018580022466956	0.5468268487785811	842.2909545898438	0.06881216138644958	1	0.43859649122807015	1.8550575757575756	1.695930181818182	1.9183825454545453	1.9508599999999998	0.0125689	-0.010712646879255772	0.03436150774359703	228	64	64	40	6.134528002158651	2.0	3.4375	3.4375	3.0	34.25192267855628	9.53287255622838	51.74889373779297	28.807018280029297	98034.0	20.763158798217773	157.85833587646476	71.54816436767578	1.493310598843892	126.12842023978092	853.3228759765625	848.5855102539062	31958.0	641.0361694335937	1080.3267639160156	138.3272247314453	50.967572706285864
sub-14_task-rse1_run-1_bold	0.0019892982456140348	0.01217698035087719	0	29.945796958193842	1.0539709358149774	0.9834887998237891	0.5408617669331209	779.9017333984375	0.125151967481383	22	9.649122807017545	1.9884001818181816	1.8119301818181819	2.0987403636363635	2.05453	0.0166824	-0.022359350696206093	0.04574808105826378	228	64	64	40	5.287586087072149	2.0	3.4375	3.4375	3.0	40.754063081669635	12.374525865751012	55.76050567626953	30.824562072753906	99813.0	18.96491241455078	182.9631591796874	73.66808319091797	1.4049621669429397	145.80873401477314	875.102783203125	864.3552856445312	30531.0	627.5	1150.62060546875	163.4661102294922	40.09838670492172
sub-14_task-rse1_run-2_bold	0.0003184649122807018	0.00845932842105263	0	29.85901473797358	1.0698987421585902	0.9788980575330396	0.5421873239314801	803.794921875	0.07816480369167228	3	1.3157894736842106	2.0003892525252525	1.828736	2.103485090909091	2.0689466666666667	0.0318527	-0.02424265444278717	0.04516162723302841	228	64	64	40	5.276329461083089	2.0	3.4375	3.4375	3.0	40.56421096039358	9.526368525805095	56.12051010131836	30.0	99837.0	22.307018280029297	187.1333312988281	75.36454010009766	1.2516468942761172	146.9077454859493	877.12158203125	865.4210815429688	30545.0	628.99736328125	1155.387744140625	164.016845703125	46.822206661105156
sub-15_task-rse1_run-1_bold	0.0006015350877192982	0.008090895350877193	0	29.486708048325994	1.0393210313215855	0.9965460891629949	0.5393998212869222	805.9330444335938	0.11827420416940931	29	12.719298245614034	2.041176181818182	1.8628945454545454	2.126464	2.13417	0.0110274	-0.0018706058617681265	0.02828074060380459	228	64	64	40	5.654495810544728	2.0	3.4375	3.4375	3.0	26.68205731976715	11.363366878557516	53.66310119628906	30.77850914001465	99336.0	21.127193450927734	171.97368621826172	69.032958984375	1.2866601146576784	139.442656904606	883.7890014648438	880.890380859375	30600.0	631.3272247314453	1139.1274169921876	155.78329467773438	47.284867507521994
sub-15_task-rse1_run-2_bold	0.0007713716814159292	0.006662645	1	29.740170271200004	1.0725309644000003	1.0134025442666668	0.5404684753220946	794.3062133789062	0.08616478965953989	20	8.849557522123893	2.023089414141414	1.8584116363636363	2.122103272727273	2.0887533333333335	0.0131828	-0.0027223778888583183	0.029579147696495056	226	64	64	40	5.628239403508364	2.0	3.4375	3.4375	3.0	26.515864373406853	11.073595356164313	54.06095886230469	30.734512329101562	99370.0	21.371681213378906	175.12189483642572	69.68568420410156	1.2595203698653208	139.18095734308756	878.8169555664062	875.0133056640625	30642.0	627.4075469970703	1132.7196472167968	155.46585083007812	50.51196615002118
sub-17_task-rse1_run-1_bold	0.001561101321585903	0.018108399647577097	0	29.29702664265487	0.9723515262831853	0.9678700225221238	0.5335388268367931	827.97216796875	0.18736932491005712	66	29.07488986784141	1.9649869292929294	1.800448	2.0464494545454546	2.0480633333333333	0.01473	-0.006256582215428352	0.030037743970751762	227	64	64	40	5.7116385799191685	2.0	3.4375	3.4375	3.0	42.37259677843625	9.215645541930973	50.20795440673828	29.171804428100586	100808.0	21.066078186035156	152.11453247070312	64.4668197631836	1.2731055618961733	133.86529811331673	852.5952758789062	845.4140625	30035.0	625.2290649414062	1096.4422607421875	148.01356506347656	35.74732963554561
sub-17_task-rse1_run-2_bold	0.0032342477876106186	0.01772017800884956	0	31.723400158222216	0.9920157193777775	0.9776508521333332	0.5352375813544159	812.6807861328125	0.277358033438873	125	55.309734513274336	1.9747412929292931	1.8320698181818182	2.077320727272727	2.0148333333333333	0.0283576	-0.005828319117426872	0.029684169217944145	226	64	64	40	5.657303370868721	2.0	3.4375	3.4375	3.0	40.42528061746564	9.79436002979824	51.19956970214844	29.446903228759766	100675.0	20.619468688964844	157.2871704101561	66.11256408691406	1.3125732515756123	135.37604298867993	850.0836791992188	842.9734497070312	30081.0	619.0796508789062	1095.4779052734375	149.00375366210938	35.10831000469625
sub-18_task-rse1_run-1_bold	0.000582	0.005430098444444444	1	27.94831028151787	1.0806713765178575	1.0089177032589285	0.5264317475212266	1065.6572265625	0.06136524669063943	4	1.7777777777777777	2.1955099393939395	1.9563607272727273	2.250429090909091	2.37974	0.00679833	-0.01655893214046955	0.03223152086138725	225	64	64	40	5.006292458400722	2.0	3.4375	3.4375	3.0	40.44707677406032	8.361875607463015	43.264705657958984	27.448888778686523	98235.0	20.413333892822266	119.1982231140137	49.473609924316406	1.3683933330888758	158.94809709639128	922.398193359375	906.0578002929688	31733.0	660.46669921875	1246.2329589843746	180.98094177246094	55.72273185197264
sub-18_task-rse1_run-2_bold	0.0006027678571428572	0.007714878571428572	4	28.54152462201796	1.0528876882959641	0.992019827085202	0.5265443246703274	1069.40234375	0.08562564673019522	9	4.017857142857143	2.1868926464646465	1.9518050909090907	2.267226181818182	2.3416466666666667	0.0113962	-0.016161473467946053	0.033399101346731186	224	64	64	40	4.985207637610459	2.0	3.4375	3.4375	3.0	42.70828910772672	8.22050060877533	43.4986457824707	27.348215103149414	98214.0	20.37053680419922	121.8946483612059	50.75052261352539	1.3703485981736563	158.45320259364428	917.6092529296875	902.24560546875	31705.0	654.7526977539062	1243.9045166015626	180.98170471191406	49.20130384154618
sub-19_task-rse1_run-1_bold	0.0005946929824561404	0.007178914254385964	0	25.68586881378854	1.0161378623788548	0.9915926106167395	0.5235702483837524	954.5867309570312	0.0958567916731324	13	5.701754385964913	1.9727635356166318	1.8355083636363638	2.0416554143326784	2.0411268288808526	0.00580851	-0.010756474919617176	0.022943297401070595	228	64	64	40	5.624959360543542	2.0	3.4375	3.437499761581421	2.999999761581421	35.09128305746473	8.3819023654881	50.730926513671875	27.824562072753906	101894.0	20.842105865478516	168.34013290405224	70.00567626953125	1.3463815308440914	138.95821409596527	876.0391235351562	868.256591796875	28484.0	636.420166015625	1136.2656005859376	154.35513305664062	50.684318043640815
sub-19_task-rse1_run-2_bold	0.00035231111111111115	0.0063417513777777774	3	25.908778421205373	1.020273679330357	0.995547458482143	0.524488046025016	920.75634765625	0.08042658451375514	2	0.8888888888888888	2.044925459060803	1.885658181818182	2.087374690230955	2.1617435051332716	0.0287843	-0.011054241098463535	0.02331932820379734	225	64	64	40	5.512184725107133	2.0	3.4375	3.437499761581421	2.999999761581421	33.7106776643144	8.39482276331592	51.652313232421875	28.311111450195312	102083.0	21.24444580078125	174.41689605712887	71.00595092773438	1.1665249120379917	141.677464380761	875.4212036132812	867.1777954101562	28457.0	628.9858154296875	1142.361767578125	157.31739807128906	51.06326291221194
sub-20_task-rse1_run-1_bold	0.0008020175438596491	0.00899835298245614	0	29.404115685462546	1.0540847098678408	1.0016358769162998	0.5294462631674741	903.285400390625	0.09118779142870002	8	3.508771929824561	1.858018707070707	1.6802996363636364	1.9771898181818182	1.9165666666666665	0.0114446	-0.009540495462715626	0.027103642001748085	228	64	64	40	5.973948420728519	2.0	3.4375	3.4375	3.0	37.19402337444728	8.700534815924799	44.72369384765625	28.21929931640625	100201.0	20.4342098236084	129.67544555664062	52.80054473876953	1.6920635016064365	127.62740130359595	861.5114135742188	855.0745849609375	30297.0	641.6544067382813	1097.330712890625	143.1315460205078	47.93657907471061
sub-20_task-rse1_run-2_bold	0.0009713157894736843	0.009963589605263157	0	28.581756239162978	1.027652376651982	0.9914605961674012	0.528650738074587	907.560546875	0.09951668525676102	11	4.824561403508772	1.8626808282828284	1.6937861818181819	1.9850996363636364	1.9091566666666668	0.0269593	-0.009443813003599644	0.029634619131684303	228	64	64	40	5.962849467382917	2.0	3.4375	3.4375	3.0	38.43871831733489	8.583487718859512	44.3696403503418	27.912281036376953	100418.0	20.460527420043945	127.79210662841787	52.079463958740234	1.6705984832909602	126.82103726739578	853.7125244140625	847.730224609375	30198.0	634.8306854248046	1089.7664245605465	142.16629028320312	45.90131041791756
sub-21_task-rse1_run-1_bold	0.0004126754385964912	0.010164951798245616	0	29.252204138546247	1.0084786075330396	0.9866480777973566	0.5397493077779059	767.3020629882812	0.04345147478214652	0	0.0	1.9728995757575758	1.831933090909091	2.044395636363636	2.04237	0.00545557	-0.0013217688538134098	0.034734196960926056	228	64	64	40	5.890485316527392	2.0	3.4375	3.4375	3.0	46.57415571125634	9.897019080431496	48.26444625854492	29.872806549072266	99324.0	21.513158798217773	128.6866256713866	59.523841857910156	1.5591433305698938	123.91428992469334	843.2330932617188	844.5701904296875	30471.0	598.88818359375	1071.9144897460938	143.37635803222656	44.8138016613666
sub-21_task-rse1_run-2_bold	0.00047460526315789474	0.008124846622807018	0	29.058428440837	1.01985382030837	0.9990178462995594	0.5357464642283075	808.23388671875	0.05015703944124724	5	2.192982456140351	1.9340995353535355	1.806144	2.013431272727273	1.9827233333333334	0.0179891	0.0016755253309383988	0.03497089073061943	228	64	64	40	5.9447688593023695	2.0	3.4375	3.4375	3.0	45.54585577669561	9.240253399645503	46.87226104736328	28.995615005493164	99929.0	21.171052932739258	125.40613861083962	58.111175537109375	1.698906077471154	120.00617074666478	837.37109375	837.2061767578125	30133.0	601.2052612304688	1063.4491699218747	140.82839965820312	47.591667714877985
sub-22_task-rse1_run-1_bold	0.0005473214285714286	0.007062481875	2	28.025053563228703	1.0628455822869955	1.0038775652914798	0.5226775683571923	986.7716064453125	0.04411293109784161	0	0.0	1.9186884444444445	1.7561221818181818	2.0427898181818183	1.9571533333333333	0.00981247	-0.01433502696454525	0.028650755062699318	224	64	64	40	5.980803932378476	2.0	3.4375	3.4375	3.0	39.58662154387836	8.12783797011873	43.480499267578125	27.790180206298828	100542.0	20.812723255157472	113.59152526855456	48.77565002441406	1.1635127776093936	137.26648750447586	892.8367309570312	886.2366333007812	30046.0	658.5111694335938	1135.7533874511719	148.17771911621094	52.794728653505445
sub-22_task-rse1_run-2_bold	0.00044359649122807014	0.007635692587719298	0	27.742709626123332	1.040815946651982	0.9993805196035244	0.5229768698539984	973.7681884765625	0.06025999186746054	3	1.3157894736842106	1.9155030303030305	1.760317090909091	2.036512	1.9496799999999999	0.0194759	-0.014480671845376492	0.028661420568823814	228	64	64	40	6.002023360857008	2.0	3.4375	3.4375	3.0	38.04406772070423	8.011254638701015	43.690147399902344	27.88596534729004	100543.0	21.052631378173828	115.1043853759765	49.019615173339844	1.1519992227222042	135.72316592020994	890.087646484375	884.131591796875	29955.0	657.7271850585937	1132.2254760742187	147.30313110351562	50.92680377373472
sub-23_task-rse1_run-1_bold	0.0038835526315789477	0.018548823684210524	0	34.775723596696054	1.0330403373568275	0.9890024747577094	0.5344385397954702	759.4142456054688	0.17512133978078323	25	10.964912280701755	1.8933360202020202	1.7689396363636363	1.997565090909091	1.9135033333333331	0.0130759	-0.014006122015416622	0.036805301904678345	228	64	64	40	5.78269848234361	2.0	3.4375	3.4375	3.0	65.05074518690978	9.363801699294761	53.24029541015625	29.021930694580078	102047.0	21.302631378173828	160.10131988525387	78.10503387451172	1.496735650501753	124.29145582110027	818.4767456054688	808.4078979492188	28901.0	610.3333129882812	1051.0921630859375	139.79527282714844	35.38093341875356
sub-23_task-rse1_run-2_bold	0.0027646222222222224	0.01313479008888889	0	33.58111025589286	1.04867725	1.0087148099107137	0.5280920720883531	789.2651977539062	0.15523185257307073	24	10.666666666666666	1.8473264040404038	1.7376843636363637	1.9403781818181818	1.8639166666666667	0.0120275	-0.010507356375455856	0.04037455469369888	225	64	64	40	5.82792109894688	2.0	3.4375	3.4375	3.0	71.74208712680309	8.74405809081383	51.37679672241211	28.20888900756836	103314.0	20.822223663330078	152.52112045288027	75.33556365966797	1.586431613144943	120.89144281109594	805.1030883789062	795.39111328125	28080.0	605.4344482421875	1034.1350830078125	136.47695922851562	39.967559258802794
sub-24_task-rse1_run-1_bold	0.0010921585903083699	0.00905841859030837	0	31.558134897743347	1.0458438207522125	1.0080127531858407	0.5462905374694333	670.889404296875	0.1306433304565637	20	8.810572687224669	1.9296297777777776	1.7731287272727274	2.0170472727272726	1.9987133333333331	0.00508825	-0.007380636874586344	0.03248266503214836	227	64	64	40	5.791038466986747	2.0	3.4375	3.4375	3.0	48.069363711443984	9.770806956148006	51.200252532958984	30.94713592529297	98652.0	22.5506591796875	144.61188735961912	60.33096694946289	0.8920654901077367	131.43561857432286	822.2210693359375	814.5418090820312	30655.0	608.8594543457032	1060.11845703125	140.6532745361328	43.9996265375521
sub-24_task-rse1_run-2_bold	0.0006006607929515417	0.008314348149779736	0	31.80399860106196	1.0491049287168144	1.0078821610619473	0.5469912686844298	670.0834350585938	0.13172215829686346	12	5.286343612334802	1.9217216565656565	1.7751505454545455	1.9965410909090908	1.9934733333333332	0.0106166	-0.007384749595075846	0.029249459505081177	227	64	64	40	5.869993629032718	2.0	3.4375	3.4375	3.0	39.894789825569475	9.359333713177897	52.13960266113281	30.98678207397461	99009.0	23.171804428100586	151.43611450195274	62.17148208618164	0.9553674425678298	128.40182206689985	820.3739013671875	812.3369750976562	30582.0	611.0336853027344	1053.5160339355466	138.3857879638672	44.97944866074249
